Note: this table only includes net generation from fossil fuels. Hydroelectric and wind generation are not included.,...2,...3,...4,...5,...6,...7,...8,...9,...10,...11,...12,...13,...14,...15,...16,...17,...18
"(1) DFO=Distillate Fuel Oil, RFO=Residual Fuel Oil, JF=Jet Fuel, NA=Naphtha, NG=Natural Gas, SUB=Sub-bituminous Coal, WC=Waste Coal, HAGO=Heavy Atmospheric Gas Oil.",NA,NA,NA,NA,NA,NA,NA,NA,NA,NA,NA,NA,NA,NA,NA,NA,NA
"(2) CA=Combined Cycle, steam part; CT=Combined Cycle, turbine part; GT=Gas Turbine; IC=Internal Combustion Engine; ST= Steam Turbine; OT=Other.",NA,NA,NA,NA,NA,NA,NA,NA,NA,NA,NA,NA,NA,NA,NA,NA,NA
"(3) Distillate Fuel Oil, Jet Fuel, Residual Fuel Oil, Naphtha and HAGO in Gallons; Natural Gas in Mcf; Sub-bituminous Coal in Short Tons. HAGO is an acronym for Heavy Atmospheric Gas Oil.",NA,NA,NA,NA,NA,NA,NA,NA,NA,NA,NA,NA,NA,NA,NA,NA,NA
(4) The PCE program does not track heat content of fuel; the value shown is the estimated heat content published by EIA for DFO.,NA,NA,NA,NA,NA,NA,NA,NA,NA,NA,NA,NA,NA,NA,NA,NA,NA
"If 'Community Name' is blank, it indicates that the Utility serves multiple communities. For a full list of the communities served by each utility, please refer to the 'Community List' worksheet. 
Blank cells indicate missing values.",NA,NA,NA,NA,NA,NA,NA,NA,NA,NA,NA,NA,NA,NA,NA,NA,NA
Source: EIA Form 923 or PCE,NA,NA,NA,NA,NA,NA,NA,NA,NA,NA,NA,NA,NA,NA,NA,NA,NA
NA,NA,NA,"Table 2.3c  Net Generation, Fuel Use, Fuel Cost and Efficiency by Certified Utilities,  2011",NA,NA,NA,NA,NA,NA,NA,NA,NA,NA,NA,NA,NA,NA
Utility Name,Plant Name,Community Name,Fuel Type(1),Prime Mover(2),Net Generation MWh,Fuel Use(3),Estimated Fuel Consumption MMBtu,Avg. Cost ($) per Gallon (PCE only),kWh per Gallon-Mcf-Short tons,Fuel Cost ($) per kWh,"Estimated Heat Content Factor per Unit, MMBtu (4)",Source,Notes,AEA Energy Region,Census Region,Native Corporation Region,AKEPS Region
Akiachak Native Community,Akiachak,Akiachak,DFO,IC,1851.5340000000001,141170,19763.800000000003,3.6215332999999998,13.115633633208189,0.27612339603863606,0.14000000000000001,PCE,0,Lower Yukon-Kuskokwim,Bethel (CA),Calista,SW
Akiak City Council,Akiak,Akiak,DFO,IC,1029.5309999999999,86993,12179.02,4.3407333000000001,11.834641867736485,0.36678197350725716,0.14000000000000001,PCE,0,Lower Yukon-Kuskokwim,Bethel (CA),Calista,SW
"Akutan, City of",Akutan,Akutan,DFO,IC,489.57059999999996,45345,6348.3,3.3129,10.796572940787296,0.30684736889837749,0.14000000000000001,PCE,0,Aleutians,Aleutians East,Aleut,SW
Alaska Electric Light & Power Company,Auke Bay,Juneau,DFO,GT,1065,135996,19039.440000000002,NA,7.8311126797846997,NA,0.14000000000000001,EIA,0,Southeast,Juneau,Sealaska,SE
Alaska Electric Light & Power Company,Auke Bay,Juneau,DFO,IC,54,4914,687.96,NA,10.989010989010989,NA,0.14000000000000001,EIA,0,Southeast,Juneau,Sealaska,SE
Alaska Electric Light & Power Company,Gold Creek,Juneau,DFO,IC,23,1218,170.52,NA,18.883415435139572,NA,0.14000000000000001,EIA,0,Southeast,Juneau,Sealaska,SE
Alaska Electric Light & Power Company,Lemon Creek,Juneau,DFO,GT,1274,168126,23537.640000000003,NA,7.5776500957615118,NA,0.14000000000000001,EIA,0,Southeast,Juneau,Sealaska,SE
Alaska Electric Light & Power Company,Lemon Creek,Juneau,DFO,IC,1009,84378,11812.920000000002,NA,11.958093341866363,NA,0.14000000000000001,EIA,0,Southeast,Juneau,Sealaska,SE
Alaska Power & Telephone Company,Allakaket,"Allakaket, Alatna",DFO,IC,655.36800000000005,57040,7985.6,5.4208333,11.489621318373072,0.47180260774404609,0.14000000000000001,PCE,Provides power to Alatna via intertie. Data includes Alatna's information.,Yukon-Koyukuk/Upper Tanana,Yukon-Koyukuk (CA),Doyon,YU
Alaska Power & Telephone Company,Bettles,"Bettles, Evansville",DFO,IC,573.84500000000003,49487,6928.18,4.0125000000000002,11.59587366379049,0.34602826111580653,0.14000000000000001,PCE,Provides power to Evansville via intertie. Data includes Evansville's information.,Yukon-Koyukuk/Upper Tanana,Yukon-Koyukuk (CA),Doyon,YU
Alaska Power & Telephone Company,Chistochina,Chistochina,DFO,IC,-2.1480000000000001,50.999999999999993,7.14,3.7124999999999999,NA,NA,0.14000000000000001,PCE,Receives power from Slana via intertie.,Copper River/Chugach,Valdez-Cordova (CA),Ahtna,YU
Alaska Power & Telephone Company,Coffman Cove,Coffman Cove,DFO,IC,632.58299999999997,48370,6771.8000000000011,3.4691667000000002,13.078002894356006,0.26526731397935133,0.14000000000000001,PCE,Part of the Alaska Power Company's grid on Prince of Wales Island.,Southeast,Prince of Wales-Hyder (CA),Sealaska,SE
Alaska Power & Telephone Company,Craig,"Craig, Klawock",DFO,IC,2779,206178,28864.920000000002,NA,13.478644666259251,NA,0.14000000000000001,EIA,"Part of the Alaska Power Company's grid on Prince of Wales Island. Provides to Hollis, Hydaburg, Klawock, Thorne Bay and Kaasan.",Southeast,Prince of Wales-Hyder (CA),Sealaska,SE
Alaska Power & Telephone Company,Viking,Craig,DFO,IC,3604,230118,32216.520000000004,NA,15.661530171477242,NA,0.14000000000000001,EIA,"Provides power to Hollis, Klawock, Thorne Bay/Kasaan and Hydaburg via intertie.",Southeast,Prince of Wales-Hyder (CA),Sealaska,SE
Alaska Power & Telephone Company,Tok,"Dot Lake, Dot Lake Village",DFO,IC,-0.6,0,0,3.9375,NA,NA,0.14000000000000001,PCE,"Receives power form Tok via intertie. Dot Lake's data includes Dot Lake Village's information. For fuel use and cost information, please refer to Tok.",Yukon-Koyukuk/Upper Tanana,Southeast Fairbanks (CA),Doyon,YU
Alaska Power & Telephone Company,Eagle,"Eagle, Eagle Village",DFO,IC,749.74199999999996,54362,7610.68,3.9624999999999999,13.791655936131857,0.28731140178888204,0.14000000000000001,PCE,Provides power to Eagle Village via intertie. Data includes Eagle Village's information.,Yukon-Koyukuk/Upper Tanana,Southeast Fairbanks (CA),Doyon,YU
Alaska Power & Telephone Company,Haines,Haines,DFO,IC,185,36885,5163.9000000000005,3.4708332999999998,5.0155889928155073,0.69200911497567563,0.14000000000000001,"EIA, PCE",Plant is also referred to as Lutak. Part of the Alaska Power Company's grid in the Upper Lynn Canal service area.,Southeast,Haines,Sealaska,SE
Alaska Power & Telephone Company,Skagway,Skagway,DFO,IC,95,14928,2089.92,3.4708332999999998,6.3638799571275459,0.54539578423578938,0.14000000000000001,"EIA, PCE",Plant is also referred to as Dewey Lake. Part of the Alaska Power Company's grid in the Upper Lynn Canal service area.,Southeast,Skagway,Sealaska,SE
Alaska Power & Telephone Company,Healy Lake,Healy Lake,DFO,IC,83.3,9100,1274.0000000000002,3.6933332999999999,9.1538461538461533,0.4034733857142857,0.14000000000000001,PCE,0,Yukon-Koyukuk/Upper Tanana,Southeast Fairbanks (CA),Doyon,YU
Alaska Power & Telephone Company,Hollis,Hollis,DFO,IC,-12.348000000000001,0,0,3.5558333000000002,NA,NA,0.14000000000000001,PCE,Part of the Alaska Power Company's grid on Prince of Wales Island. Receives power from Craig. Refer to Craig for fuel use and cost.,Southeast,Prince of Wales-Hyder (CA),Sealaska,SE
Alaska Power & Telephone Company,Hydaburg,Hydaburg,DFO,IC,23,3864,540.96,NA,5.9523809523809526,NA,0.14000000000000001,EIA,Part of the Alaska Power Company's grid on Prince of Wales Island. Receives power from Craig. Refer to Craig for fuel use and cost.,Southeast,Prince of Wales-Hyder (CA),Sealaska,SE
Alaska Power & Telephone Company,Craig,Klawock,DFO,IC,-27.4,0,0,3.5558333000000002,NA,NA,0.14000000000000001,PCE,Part of the Alaska Power Company's grid on Prince of Wales Island. Receives power from Craig. Refer to Craig for fuel use and cost.,Southeast,Prince of Wales-Hyder (CA),Sealaska,SE
Alaska Power & Telephone Company,Mentasta Lake,Mentasta Lake,DFO,IC,237.108,19779,2769.0600000000004,3.7,11.987865918398301,0.30864542740017209,0.14000000000000001,PCE,0,Copper River/Chugach,Valdez-Cordova (CA),Ahtna,YU
Alaska Power & Telephone Company,Naukati Bay,Naukati Bay,DFO,IC,449.90800000000002,37322,5225.0800000000008,3.6041666999999999,12.054766625582767,0.29898270219111461,0.14000000000000001,PCE,0,Southeast,Prince of Wales-Hyder (CA),Sealaska,SE
Alaska Power & Telephone Company,Northway,"Northway, Northway Village",DFO,IC,4752,331170,46363.8,3.8746809999999998,14.349125826614729,0.27002906287247475,0.14000000000000001,EIA,Provides power to Northway Village via intertie. Data includes Northway Village's information.,Yukon-Koyukuk/Upper Tanana,Southeast Fairbanks (CA),Doyon,YU
Alaska Power & Telephone Company,Slana,"Slana, Chistochina",DFO,IC,1150.4580000000001,94630,13248.2,3.7124999999999999,12.157434217478601,0.30536870967910174,0.14000000000000001,PCE,Provides power to Chistochina via intertie. Includes Chistochina's fuel use and fuel cost.,Copper River/Chugach,Valdez-Cordova (CA),Ahtna,YU
Alaska Power & Telephone Company,Tok,Tetlin,DFO,IC,0,0,0,3.9375,NA,NA,0.14000000000000001,PCE,Receives power from Tok via intertie. For fuel use and cost information please refer to Tok.,Yukon-Koyukuk/Upper Tanana,Southeast Fairbanks (CA),Dyon,YU
Alaska Power & Telephone Company,False Island,"Thorne Bay, Kasaan",DFO,IC,929,67956,9513.84,NA,13.670610394961445,NA,0.14000000000000001,EIA,Part of the Alaska Power Company's grid on Prince of Wales Island. Receives power from Craig. Refer to Craig for fuel use and cost. Includes data for Kaasan.,Southeast,Prince of Wales-Hyder (CA),Sealaska,SE
Alaska Power & Telephone Company,Thorne Bay Plant,"Thorne Bay, Kasaan",DFO,IC,119,13692,1916.88,3.5558329999999998,8.6912065439672794,0.40912996164705884,0.14000000000000001,EIA,Part of the Alaska Power Company's grid on Prince of Wales Island. Receives power from Craig. Refer to Craig for fuel use and cost. Includes data for Kaasan.,Southeast,Prince of Wales-Hyder (CA),Sealaska,SE
Alaska Power & Telephone Company,Tok,"Tok, Tanacross",DFO,IC,10400,751919,105268.66,3.9375,13.831277039149164,0.28468087139423076,0.14000000000000001,PCE,"Provides power to Tanacross, Tetlin and Dot Lake via intertie. Includes Tanacross' information. Fuel use and cost also includes Tetlin's and Dot Lake's information.",Yukon-Koyukuk/Upper Tanana,Southeast Fairbanks (CA),Doyon,YU
Alaska Power & Telephone Company,Whale Pass,Whale Pass,DFO,IC,267.04199999999997,23384.000000000004,3273.7600000000007,3.4750000000000001,11.41985973315087,0.30429445555380807,0.14000000000000001,PCE,0,Southeast,Prince of Wales-Hyder (CA),Sealaska,SE
Alaska Village Electric Cooperative,Alakanuk,Alakanuk,DFO,IC,1946.2080000000001,152732,21382.480000000003,3.3300667000000002,12.74263415656182,0.26133267730088461,0.14000000000000001,PCE,0,Lower Yukon-Kuskokwim,Wade Hampton (CA),Calista,YU
Alaska Village Electric Cooperative,Ambler,Ambler,DFO,IC,1277.7739999999999,95531.000000000015,13374.340000000004,5.6824000000000003,13.375490678418522,0.42483675078691546,0.14000000000000001,PCE,0,Northwest Arctic,Northwest Arctic,NANA,AN
Alaska Village Electric Cooperative,Anvik,Anvik,DFO,IC,405.42,33807,4732.9800000000005,2.7342,11.992190966367913,0.22799837057865915,0.14000000000000001,PCE,0,Yukon-Koyukuk/Upper Tanana,Yukon-Koyukuk (CA),Doyon,YU
Alaska Village Electric Cooperative,Brevig Mission,Brevig Mission,DFO,IC,1176.3320000000001,89023,12463.220000000001,2.4157999999999999,13.21379868123968,0.18282403556138913,0.14000000000000001,PCE,0,Bering Straits,Nome (CA),Bering Straits,AN
Alaska Village Electric Cooperative,Chevak,Chevak,DFO,IC,1657.2670000000001,132277,18518.780000000002,3.0063,12.528761613886012,0.23995188771634263,0.14000000000000001,PCE,0,Lower Yukon-Kuskokwim,Wade Hampton (CA),Calista,YU
Alaska Village Electric Cooperative,Eek,Eek,DFO,IC,800.57799999999997,58323,8165.2200000000012,2.7899332999999999,13.726625859437958,0.20324975187414593,0.14000000000000001,PCE,0,Lower Yukon-Kuskokwim,Bethel (CA),Calista,SW
Alaska Village Electric Cooperative,Ekwok,Ekwok,DFO,IC,261.51549999999997,23205.817999999999,3248.8145200000004,4.8301356000000002,11.269393735657152,0.4286065172003985,0.14000000000000001,PCE,0,Bristol Bay,Dillingham (CA),Bristol Bay,SW
Alaska Village Electric Cooperative,Elim,Elim,DFO,IC,1159.4449999999999,81625,11427.500000000002,3.0799333,14.204532924961715,0.2168274955797817,0.14000000000000001,PCE,0,Bering Straits,Nome (CA),Bering Straits,AN
Alaska Village Electric Cooperative,Emmonak,Emmonak,DFO,IC,3089.884,226911,31767.540000000005,3.2986667000000001,13.617162676115305,0.2422433203200185,0.14000000000000001,PCE,0,Lower Yukon-Kuskokwim,Wade Hampton (CA),Calista,YU
Alaska Village Electric Cooperative,Gambell,Gambell,DFO,IC,1495.8810000000001,125869,17621.660000000003,3.0799333,11.884427460296022,0.25915706164975688,0.14000000000000001,PCE,0,Bering Straits,Nome (CA),Bering Straits,AN
Alaska Village Electric Cooperative,Goodnews Bay,Goodnews Bay,DFO,IC,773.07299999999998,58888,8244.3200000000015,3.0612667,13.127852873250918,0.23318868131418377,0.14000000000000001,PCE,0,Lower Yukon-Kuskokwim,Bethel (CA),Calista,SW
Alaska Village Electric Cooperative,Grayling,Grayling,DFO,IC,569.04700000000003,48789,6830.4600000000009,2.7342,11.663428231773555,0.2344250717427559,0.14000000000000001,PCE,0,Yukon-Koyukuk/Upper Tanana,Yukon-Koyukuk (CA),Doyon,YU
Alaska Village Electric Cooperative,Holy Cross,Holy Cross,DFO,IC,594.37199999999996,47496,6649.4400000000005,2.7342,12.514148559878727,0.21848869596818155,0.14000000000000001,PCE,0,Yukon-Koyukuk/Upper Tanana,Yukon-Koyukuk (CA),Doyon,YU
Alaska Village Electric Cooperative,Hooper Bay,Hooper Bay,DFO,IC,2711.4679999999998,205933,28830.620000000003,3.0265667000000001,13.166748408462947,0.22986439826363431,0.14000000000000001,PCE,0,Lower Yukon-Kuskokwim,Wade Hampton (CA),Calista,YU
Alaska Village Electric Cooperative,Huslia,Huslia,DFO,IC,1005.8,75045,10506.300000000001,3.0566333000000001,13.4026250916117,0.2280622847469676,0.14000000000000001,PCE,0,Yukon-Koyukuk/Upper Tanana,Yukon-Koyukuk (CA),Doyon,YU
Alaska Village Electric Cooperative,Upper Kalskag,"Kalskag, Lower Kalskag",DFO,IC,1472.2059999999999,107113,14995.820000000002,3.0444333000000001,13.744419444885308,0.22150322988963503,0.14000000000000001,PCE,Provides power to Lower Kalskag via intertie. Fuel use and cost data includes information for Lower Kalskag.,Lower Yukon-Kuskokwim,Bethel (CA),Calista,SW
Alaska Village Electric Cooperative,Kaltag,Kaltag,DFO,IC,727.03800000000001,53499,7489.8600000000006,2.7211333,13.589749341109179,0.20023425242793361,0.14000000000000001,PCE,0,Yukon-Koyukuk/Upper Tanana,Yukon-Koyukuk (CA),Doyon,YU
Alaska Village Electric Cooperative,Kasigluk,"Kasigluk, Nunapitchuk",DFO,IC,2286.42,168858,23640.120000000003,3.45,13.540489642184557,0.2547913769123783,0.14000000000000001,PCE,Provides power to Nunapitchuk via intertie.  Fuel use and cost includes Nunapitchuk's information.,Lower Yukon-Kuskokwim,Bethel (CA),Calista,SW
Alaska Village Electric Cooperative,Kiana,Kiana,DFO,IC,1511.732,120902.09,16926.292600000001,3.6971333,12.503770613063844,0.29568147196632538,0.14000000000000001,PCE,0,Northwest Arctic,Northwest Arctic,NANA,AN
Alaska Village Electric Cooperative,Kivalina,Kivalina,DFO,IC,1212.085,94027,13163.78,3.3707666999999999,12.890818594658981,0.26148585330310992,0.14000000000000001,PCE,0,Northwest Arctic,Northwest Arctic,NANA,AN
Alaska Village Electric Cooperative,Kotlik,Kotlik,DFO,IC,1966.4570000000001,151421,21198.940000000002,3.0814667,12.986686126759167,0.23727890779239008,0.14000000000000001,PCE,0,Lower Yukon-Kuskokwim,Wade Hampton (CA),Calista,YU
Alaska Village Electric Cooperative,Koyuk,Koyuk,DFO,IC,1315.9179999999999,96030.999999999985,13444.34,3.0799333,13.703054222074124,0.22476254199144624,0.14000000000000001,PCE,0,Bering Straits,Nome (CA),Bering Straits,AN
Alaska Village Electric Cooperative,Upper Kalskag,Lower Kalskag,DFO,IC,0,0,0,3.0444333000000001,NA,NA,0.14000000000000001,PCE,"Receives power from (Upper) Kalskag via intertie. For fuel use and cost, please refer to (Upper) Kalskag.",Lower Yukon-Kuskokwim,Bethel (CA),Calista,SW
Alaska Village Electric Cooperative,Marshall,Marshall,DFO,IC,1644.1759999999999,123515,17292.100000000002,2.9537333000000001,13.311549204550055,0.2218925276548861,0.14000000000000001,PCE,0,Lower Yukon-Kuskokwim,Wade Hampton (CA),Calista,YU
Alaska Village Electric Cooperative,Mekoryuk,Mekoryuk,DFO,IC,708.83100000000002,58222,8151.0800000000008,3.0558333000000002,12.174624712308063,0.25100020511602905,0.14000000000000001,PCE,0,Lower Yukon-Kuskokwim,Bethel (CA),Calista,SW
Alaska Village Electric Cooperative,Minto,Minto,DFO,IC,652.66300000000001,48155,6741.7000000000007,2.9676667000000001,13.55337971134877,0.21896137813618974,0.14000000000000001,PCE,0,Yukon-Koyukuk/Upper Tanana,Yukon-Koyukuk (CA),Doyon,YU
Alaska Village Electric Cooperative,Mountain Village,Mountain Village,DFO,IC,2796.866,205079,28711.06,3.3750667000000001,13.637993163610121,0.24747531836323228,0.14000000000000001,PCE,0,Lower Yukon-Kuskokwim,Wade Hampton (CA),Calista,YU
Alaska Village Electric Cooperative,New Stuyahok,New Stuyahok,DFO,IC,1466.3779999999999,114321,16004.940000000002,5.0526333000000001,12.826847210923628,0.39391077299939031,0.14000000000000001,PCE,0,Bristol Bay,Dillingham (CA),Bristol Bay,SW
Alaska Village Electric Cooperative,Nightmute,Nightmute,DFO,IC,0,0,0,3.0348332999999998,NA,NA,0.14000000000000001,PCE,"Receives power from Toksook Bay via intertie. For fuel use and cost, please refer to Toksook Bay.",Lower Yukon-Kuskokwim,Bethel (CA),Calista,SW
Alaska Village Electric Cooperative,Noatak,Noatak,DFO,IC,1800.64,127333,17826.620000000003,6.7892000000000001,14.141188851279715,0.4801010771725609,0.14000000000000001,PCE,0,Northwest Arctic,Northwest Arctic,NANA,AN
Alaska Village Electric Cooperative,Noorvik,Noorvik,DFO,IC,2001.4739999999999,153358,21470.120000000003,3.6521333,13.050991796971791,0.27983569040687012,0.14000000000000001,PCE,0,Northwest Arctic,Northwest Arctic,NANA,AN
Alaska Village Electric Cooperative,Nulato,Nulato,DFO,IC,1110.2139999999999,83771,11727.94,2.5381999999999998,13.25296343603395,0.19151942976759434,0.14000000000000001,PCE,0,Yukon-Koyukuk/Upper Tanana,Yukon-Koyukuk (CA),Doyon,YU
Alaska Village Electric Cooperative,Nunapitchuk,Nunapitchuk,DFO,IC,0,0,0,3.45,NA,NA,0.14000000000000001,PCE,Receives power from Kasigluk. Please refer to Kasigluk for fuel use and cost.,Lower Yukon-Kuskokwim,Bethel (CA),Calista,SW
Alaska Village Electric Cooperative,Old Harbor,Old Harbor,DFO,IC,788.01900000000001,56390,7894.6,3.51,13.974445823727612,0.25117275091082825,0.14000000000000001,PCE,0,Kodiak,Kodiak Island,Koniag,SC
Alaska Village Electric Cooperative,Pilot Station,Pilot Station,DFO,IC,1750.671,133531,18694.34,2.6819332999999999,13.110596041368671,0.20456227097055926,0.14000000000000001,PCE,0,Lower Yukon-Kuskokwim,Wade Hampton (CA),Calista,YU
Alaska Village Electric Cooperative,Saint Mary's,Pitkas Point,DFO,IC,0,0,0,2.5708666999999998,NA,NA,0.14000000000000001,PCE,"Receives power from Saint Mary's via intertie. For fuel use and cost, please refer to Saint Mary's.",Lower Yukon-Kuskokwim,Wade Hampton (CA),Calista,YU
Alaska Village Electric Cooperative,Quinhagak,Quinhagak,DFO,IC,1415.165,113432,15880.480000000001,2.8051667,12.475888638126808,0.22484704547837178,0.14000000000000001,PCE,0,Lower Yukon-Kuskokwim,Bethel (CA),Calista,SW
Alaska Village Electric Cooperative,Russian Mission,Russian Mission,DFO,IC,1123.7860000000001,80202,11228.28,2.9341333000000001,14.011944839280815,0.20940228738087147,0.14000000000000001,PCE,0,Lower Yukon-Kuskokwim,Wade Hampton (CA),Calista,YU
Alaska Village Electric Cooperative,Saint Mary's,"Saint Mary's, Andreafsky, Pitkas Point",DFO,IC,3172.4340000000002,241899,33865.86,2.5708666999999998,13.114704897498543,0.19602932129188502,0.14000000000000001,PCE,Provides power to Andreafsky and Pitkas Point via intertie. Includes Andreafsky's information. Fuel use and cost also includes Pitkas Point.,Lower Yukon-Kuskokwim,Wade Hampton (CA),Calista,YU
Alaska Village Electric Cooperative,Saint Michael,Saint Michael,DFO,IC,1734.962,126431,17700.34,3.0548666999999998,13.722599678876225,0.22261574129444908,0.14000000000000001,PCE,0,Bering Straits,Nome (CA),Bering Straits,AN
Alaska Village Electric Cooperative,Savoonga,Savoonga,DFO,IC,1753.6369999999999,141602,19824.280000000002,3.0799333,12.384267171367636,0.24869725898039333,0.14000000000000001,PCE,0,Bering Straits,Nome (CA),Bering Straits,AN
Alaska Village Electric Cooperative,Scammon Bay,Scammon Bay,DFO,IC,1735.5519999999999,132746,18584.440000000002,3.0453000000000001,13.074231991924426,0.232923815477727,0.14000000000000001,PCE,0,Lower Yukon-Kuskokwim,Wade Hampton (CA),Calista,YU
Alaska Village Electric Cooperative,Selawik,Selawik,DFO,IC,2745.7550000000001,206729,28942.06,3.3809,13.281905296305792,0.25454932290025872,0.14000000000000001,PCE,0,Northwest Arctic,Northwest Arctic,NANA,AN
Alaska Village Electric Cooperative,Shageluk,Shageluk,DFO,IC,369.01499999999999,31328,4385.92,3.0595667,11.779079417773238,0.25974582490576265,0.14000000000000001,PCE,0,Yukon-Koyukuk/Upper Tanana,Yukon-Koyukuk (CA),Doyon,YU
Alaska Village Electric Cooperative,Shaktoolik,Shaktoolik,DFO,IC,903.83900000000006,70025,9803.5000000000018,3.0799333,12.907375937165298,0.23861808279184676,0.14000000000000001,PCE,0,Bering Straits,Nome (CA),Bering Straits,AN
Alaska Village Electric Cooperative,Shishmaref,Shishmaref,DFO,IC,1593.91,116751,16345.140000000001,3.5921666999999999,13.652217111630735,0.26311965819381272,0.14000000000000001,PCE,0,Bering Straits,Nome (CA),Bering Straits,AN
Alaska Village Electric Cooperative,Shungnak,"Shungnak, Kobuk",DFO,IC,1527.3440000000001,113831,15936.340000000002,6.0893332999999998,13.417645456861488,0.45383024313599291,0.14000000000000001,PCE,Provides power to Kobuk via intertie. Fuel use and cost includes Kobuk's information.,Northwest Arctic,Northwest Arctic,NANA,AN
Alaska Village Electric Cooperative,Stebbins,Stebbins,DFO,IC,1354.2349999999999,102124,14297.36,3.0496667,13.260692883161646,0.22997793002750633,0.14000000000000001,PCE,0,Bering Straits,Nome (CA),Bering Straits,AN
Alaska Village Electric Cooperative,Teller,Teller,DFO,IC,837.98900000000003,72035,10084.900000000001,2.9009,11.63308114111196,0.24936643738760292,0.14000000000000001,PCE,0,Bering Straits,Nome (CA),Bering Straits,AN
Alaska Village Electric Cooperative,Togiak,Togiak,DFO,IC,3044.7559999999999,225519,31572.660000000003,3.7189999999999999,13.501106336938351,0.27545890738042716,0.14000000000000001,PCE,0,Bristol Bay,Dillingham (CA),Bristol Bay,SW
Alaska Village Electric Cooperative,Toksook Bay,"Toksook Bay, Nightmute, Tununak",DFO,IC,2592.1080000000002,200398,28055.72,3.0348332999999998,12.934799748500485,0.23462545683027095,0.14000000000000001,PCE,Provides power to Nightmute and Tununak via intertie. Fuel use and cost includes Nightmute's and Tununak's information.,Lower Yukon-Kuskokwim,Bethel (CA),Calista,SW
Alaska Village Electric Cooperative,Tununak,Tununak,DFO,IC,0,0,0,3.0348332999999998,NA,NA,0.14000000000000001,PCE,"Receives power from Toksook Bay via intertie. For fuel use and cost, please refer to Toksook Bay.",Lower Yukon-Kuskokwim,Bethel (CA),Calista,SW
Alaska Village Electric Cooperative,Wales,Wales,DFO,IC,582.09500000000003,47325,6625.5000000000009,3.5921666999999999,12.299947173798204,0.29204732745943529,0.14000000000000001,PCE,0,Bering Straits,Nome (CA),Bering Straits,AN
Alutiiq Power Company,Karluk,Karluk,DFO,IC,252.608,22089,3092.4600000000005,3.1650833,11.435918330390692,0.27676686808691731,0.14000000000000001,PCE,0,Kodiak,Kodiak Island,Koniag,SC
Anchorage Municipal Light & Power,Anchorage 1,Anchorage,DFO,GT,46,4242,593.88000000000011,NA,10.843941537010844,NA,0.14000000000000001,EIA,0,Railbelt,Anchorage,Cook Inlet,SC
Anchorage Municipal Light & Power,Anchorage 1,Anchorage,NG,GT,90425.61,1089173,1113134.8060000001,NA,83.022265517048254,NA,1.022,EIA,0,Railbelt,Anchorage,Cook Inlet,SC
Anchorage Municipal Light & Power,Anchorage 1,Anchorage,DFO,IC,NA,0,0,NA,NA,NA,0.14000000000000001,EIA,0,Railbelt,Anchorage,Cook Inlet,SC
Anchorage Municipal Light & Power,George M Sullivan Generation Plant 2,Anchorage,DFO,CT,187,19110,2675.4,NA,9.7854526425954997,NA,0.14000000000000001,EIA,0,Railbelt,Anchorage,Cook Inlet,SC
Anchorage Municipal Light & Power,George M Sullivan Generation Plant 2,Anchorage,NG,CT,732618.01399445999,9716234,9929991.148,NA,75.401437840469882,NA,1.022,EIA,0,Railbelt,Anchorage,Cook Inlet,SC
Anchorage Municipal Light & Power,George M Sullivan Generation Plant 2,Anchorage,NG,GT,127212,1635452,1671431.9440000001,NA,77.784000997889265,NA,1.022,EIA,0,Railbelt,Anchorage,Cook Inlet,SC
Anchorage Municipal Light & Power,George M Sullivan Generation Plant 2,Anchorage,NG,CA,222845,NA,0,NA,NA,NA,1.022,EIA,0,Railbelt,Anchorage,Cook Inlet,SC
Aniak Light & Power,Aniak,Aniak,DFO,IC,2618.598,204154,28581.56,3.4676833,12.826581894060366,0.27035131640221216,0.14000000000000001,PCE,0,Lower Yukon-Kuskokwim,Bethel (CA),Calista,SW
"Atka, City of",Atka,Atka,DFO,IC,444.322,49036.000000000007,6865.0400000000018,4.5640166999999998,9.0611387552002594,0.5036912934790535,0.14000000000000001,PCE,0,Aleutians,Aleutians West (CA),Aleut,SW
Atmautluak Tribal Utilities,Atmautluak,Atmautluak,DFO,IC,796.81399999999996,54344.999999999993,7608.2999999999993,3.8496332999999998,14.662140031281629,0.26255603150609796,0.14000000000000001,PCE,0,Lower Yukon-Kuskokwim,Bethel (CA),Calista,SW
Aurora Energy LLC Chena,Aurora Energy,Fairbanks,SUB,ST,209150,234347,3555043.9899999998,NA,892.47995493861663,NA,15.17,EIA,Aurora Energy LLC is an independent power producer that sells all its power to GVEA.,Railbelt,Fairbanks North Star,Doyon,YU
Barrow Utilities & Electric Cooperative Inc.,Barrow,Barrow,NG,GT,50211,745980,762391.56,NA,67.308775034183228,NA,1.022,EIA,0,North Slope,North Slope,Arctic Slope,AN
Beaver Joint Utilities,Beaver,Beaver,DFO,IC,318.02999999999997,30506,4270.84,4.6794250000000002,10.425162263161345,0.44885872103260699,0.14000000000000001,PCE,0,Yukon-Koyukuk/Upper Tanana,Yukon-Koyukuk (CA),Doyon,YU
Bethel Utilities Corporation,Bethel,"Bethel, Oscarville",DFO,IC,41800,3094125,433177.50000000006,5.1288333000000002,13.509473599159698,0.37964716110915075,0.14000000000000001,PCE,Provides power to Oscarville and sells power to Napakiak Ircinraq via intertie. Data includes Oscarville's information.,Lower Yukon-Kuskokwim,Bethel (CA),Calista,SW
"Buckland, City of",Buckland,Buckland,DFO,IC,1592.204,116056,16247.840000000002,3.9296500000000001,13.719273454194527,0.2864328066001593,0.14000000000000001,PCE,0,Northwest Arctic,Northwest Arctic,NANA,AN
Chalkyitsik Village Council,Chalkyitsik,Chalkyitsik,DFO,IC,304.16500000000002,30609.000000000004,4285.2600000000011,5.1417000000000002,9.937110000326701,0.51742408002235629,0.14000000000000001,PCE,0,Yukon-Koyukuk/Upper Tanana,Yukon-Koyukuk (CA),Doyon,YU
Chenega Ira Council,Chenega Bay,Chenega Bay,DFO,IC,308.27600000000001,29631,4148.34,4.5753500000000003,10.403833822685701,0.43977538261168564,0.14000000000000001,PCE,0,Copper River/Chugach,Valdez-Cordova (CA),Chugach,SC
Chignik Lagoon Power Utility,Chignik Lagoon,Chignik Lagoon,DFO,IC,506.53100000000001,43418,6078.52,4.1976500000000003,11.666382606292322,0.35980733202903675,0.14000000000000001,PCE,0,Bristol Bay,Lake and Peninsula,Bristol Bay,SW
Chignik Lake Electric Utility,Chignik Lake,Chignik Lake,DFO,IC,199.04300000000001,17351,2429.1400000000003,4.8067333000000003,11.471557835283269,0.4190131252458012,0.14000000000000001,PCE,0,Bristol Bay,Lake and Peninsula,Bristol Bay,SW
"Chignik, City of",Chignik,Chignik,DFO,IC,868.08199999999999,68013.455000000002,9521.8837000000003,3.0901000000000001,12.763386303489508,0.2421065951091026,0.14000000000000001,PCE,0,Bristol Bay,Lake and Peninsula,Bristol Bay,SW
Chitina Electric Inc,Chitina,Chitina,DFO,IC,519.23599999999999,41918,5868.52,3.9520833,12.386945942077389,0.31905227636257888,0.14000000000000001,PCE,0,Copper River/Chugach,Valdez-Cordova (CA),Ahtna,SC
Chugach Electric Assn Inc,Beluga,NA,NG,GT,721007,9617216,9828794.7520000003,NA,74.970448828434343,NA,1.022,EIA,0,Railbelt,Anchorage,Cook Inlet,SC
Chugach Electric Assn Inc,Beluga,NA,NG,CT,1209564,14391754,14708372.588,NA,84.045627794916456,NA,1.022,EIA,0,Railbelt,Anchorage,Cook Inlet,SC
Chugach Electric Assn Inc,Bernice Lake,NA,NG,GT,41995,601772,615010.98400000005,NA,69.785566626562883,NA,1.022,EIA,0,Railbelt,Kenai Peninsula,Cook Inlet,SC
Chugach Electric Assn Inc,International,NA,NG,GT,127212,1635452,1668161.04,NA,77.784000997889265,NA,1.02,EIA,0,Railbelt,Anchorage,Cook Inlet,SC
Circle Electric Utility,Circle,Circle,DFO,IC,389.51,36322,5085.0800000000008,3.1409582999999999,10.723803755299818,0.29289591377012142,0.14000000000000001,PCE,0,Yukon-Koyukuk/Upper Tanana,Yukon-Koyukuk (CA),Doyon,YU
Copper Valley Elec Assn Inc,Glennallen,Glennallen,DFO,IC,15113,1136226,159071.64000000001,NA,13.301051023299943,NA,0.14000000000000001,EIA,0,Copper River/Chugach,Valdez-Cordova (CA),Ahtna,SC
Copper Valley Elec Assn Inc,Valdez,Valdez,DFO,GT,47,6300,882.00000000000011,NA,7.4603174603174605,NA,0.14000000000000001,EIA,0,Copper River/Chugach,Valdez-Cordova (CA),Chugach,SC
Copper Valley Elec Assn Inc,Valdez,Valdez,DFO,IC,7291,636930,89170.200000000012,NA,11.447097797246165,NA,0.14000000000000001,EIA,0,Copper River/Chugach,Valdez-Cordova (CA),Chugach,SC
Copper Valley Elec Assn Inc,Valdez Cogen,Valdez,JF,GT,17519,1869252,252349.02000000002,NA,9.3721980770917988,NA,0.13500000000000001,EIA,0,Copper River/Chugach,Valdez-Cordova (CA),Chugach,SC
Cordova Electric Cooperative,Orca,"Cordova, Eyak",DFO,IC,9585.5349999999999,781015,109342.1,3.5540500000000002,12.27317657151271,0.28957865792050214,0.14000000000000001,PCE,0,Copper River/Chugach,Valdez-Cordova (CA),Chugach,SC
Diomede Joint Utilities,Diomede,Diomede,DFO,IC,281.745,27601,3864.1400000000003,4.2466666999999996,10.207782326727292,0.41602245855898062,0.14000000000000001,PCE,0,Bering Straits,Nome (CA),Bering Straits,AN
Egegik Light & Power Co,Egegik,Egegik,DFO,IC,261.51549999999997,23205.817999999999,3248.8145200000004,4.8301356000000002,11.269393735657152,0.4286065172003985,0.14000000000000001,PCE,0,Bristol Bay,Lake and Peninsula,Bristol Bay,SW
Elfin Cove Utility Commission,Elfin Cove,Elfin Cove,DFO,IC,277.4572,25097,3513.5800000000004,4.5075000000000003,11.055393074869507,0.40771955998979303,0.14000000000000001,PCE,0,Southeast,Hoonah-Angoon (CA),Sealaska,SE
"False Pass, City of",False Pass,False Pass,DFO,IC,461.351,45211.999999999993,6329.6799999999994,3.2464667,10.204171458904717,0.31815093592600857,0.14000000000000001,PCE,0,Aleutians,Aleutians East,Aleut,SW
G & K Inc,Cold Bay,Cold Bay,DFO,IC,2566.9209999999998,205710,28799.4,4.6808332999999998,12.478348160031112,0.37511642085712804,0.14000000000000001,PCE,0,Aleutians,Aleutians East,Aleut,SW
Gold Country Energy,Central,Central,DFO,IC,474.60300000000001,45258.000000000007,6336.1200000000017,3.4441666999999998,10.486610102081398,0.32843470544560405,0.14000000000000001,PCE,0,Yukon-Koyukuk/Upper Tanana,Yukon-Koyukuk (CA),Doyon,YU
Golden Valley Elec Assn Inc,Delta Power,NA,DFO,GT,-170,1806,252.84000000000003,NA,NA,NA,0.14000000000000001,EIA,0,Railbelt,Fairbanks North Star,Doyon,YU
Golden Valley Elec Assn Inc,Fairbanks,NA,DFO,GT,237,44016,6162.2400000000007,NA,5.3844056706652124,NA,0.14000000000000001,EIA,0,Railbelt,Fairbanks North Star,Doyon,YU
Golden Valley Elec Assn Inc,Fairbanks,NA,RFO,GT,8379,1442448,201942.72000000003,NA,5.8088749126484975,NA,0.14000000000000001,EIA,0,Railbelt,Fairbanks North Star,Doyon,YU
Golden Valley Elec Assn Inc,Fairbanks,NA,DFO,IC,-21,9282,1299.48,NA,NA,NA,0.14000000000000001,EIA,0,Railbelt,Fairbanks North Star,Doyon,YU
Golden Valley Elec Assn Inc,Healy,NA,DFO,ST,223,22386,3134.0400000000004,NA,9.9615831323148392,NA,0.14000000000000001,EIA,0,Railbelt,Denali,Doyon,YU
Golden Valley Elec Assn Inc,Healy,NA,WC,ST,177447.375,175018,2421251.5174000002,NA,1013.8807151264441,NA,13.834300000000001,EIA,0,Railbelt,Denali,Doyon,YU
Golden Valley Elec Assn Inc,Healy,NA,DFO,IC,25,1806,252.84000000000003,NA,13.842746400885936,NA,0.14000000000000001,EIA,0,Railbelt,Denali,Doyon,YU
Golden Valley Elec Assn Inc,North Pole,NA,DFO,GT,1417,136290,19080.600000000002,NA,10.396947685083278,NA,0.14000000000000001,EIA,0,Railbelt,Fairbanks North Star,Doyon,YU
Golden Valley Elec Assn Inc,North Pole,NA,NA,GT,314491.18533044797,24388350,3292427.25,NA,12.895139906162081,NA,0.13500000000000001,EIA,0,Railbelt,Fairbanks North Star,Doyon,YU
Golden Valley Elec Assn Inc,North Pole,NA,HAGO,GT,170154.90013310601,8322006,1248300.8999999999,NA,20.446380371884619,NA,0.15,EIA,0,Railbelt,Fairbanks North Star,Doyon,YU
Golovin Power Utilities,Golovin,Golovin,DFO,IC,755.70100000000002,60975,8536.5,3.43,12.393620336203362,0.27675529078299488,0.14000000000000001,PCE,0,Bering Straits,Nome (CA),Bering Straits,AN
Gustavus Electric Co,Gustavus,Gustavus,DFO,IC,98.196960000000004,12625.089,1767.5124600000001,3.7491667,7.7779221992019227,0.48202676807241585,0.14000000000000001,PCE,0,Southeast,Hoonah-Angoon (CA),Sealaska,SE
Gwitchyaa Zhee Utilities Company,Fort Yukon,Fort Yukon,DFO,IC,3061.62,238873,33442.22,4.2870416999999996,12.816936196221423,0.33448256544055105,0.14000000000000001,PCE,0,Yukon-Koyukuk/Upper Tanana,Yukon-Koyukuk (CA),Doyon,YU
Homer Electric Assn Inc,Nikiski Co-Generation,NA,NG,GT,276289,3577770,3935547.0000000005,NA,77.223801418201845,NA,1.1000000000000001,EIA,0,Railbelt,Kenai Peninsula,Cook Inlet,SC
Homer Electric Assn Inc,Seldovia,NA,DFO,IC,143,10206,1428.8400000000001,NA,14.011365863217716,NA,0.14000000000000001,EIA,0,Railbelt,Kenai Peninsula,Cook Inlet,SC
Hughes Power & Light,Hughes,Hughes,DFO,IC,372.29500000000002,40992,5738.88,5.7106250000000003,9.082137978142077,0.62877540659960518,0.14000000000000001,PCE,0,Yukon-Koyukuk/Upper Tanana,Yukon-Koyukuk (CA),Doyon,YU
Igiugig Electric Company,Igiugig,Igiugig,DFO,IC,307.7185455,27001.090199999999,3780.1526280000003,6.6696001000000003,11.396523000393518,0.58523113582710284,0.14000000000000001,PCE,0,Bristol Bay,Lake and Peninsula,Bristol Bay,SW
"I-N-N Electric Coop, Inc",Newhalen,"Iliamna, Newhalen, Nondalton",DFO,IC,84.087000000000003,6620.7960000000003,926.91144000000008,4.3820582999999997,12.700436624236723,0.34503209847428018,0.14000000000000001,PCE,"Power produced at the Tazimina hydroelectric project and the Newhalen plant is shared by Iliamna, Newhalen and Nondalton. Newhalen's information is included in Nondalton's data.",Bristol Bay,Lake and Peninsula,Bristol Bay,SW
Inside Passage Electric,Angoon,Angoon,DFO,IC,2025.2149999999999,141021,19742.940000000002,3.5694750000000002,14.361088064898135,0.24855184954436937,0.14000000000000001,PCE,0,Southeast,Hoonah-Angoon (CA),Sealaska,SE
Inside Passage Electric,Chilkat Valley,Chilkat Valley,DFO,IC,-68.440910000000002,0,0,3.5701417000000002,NA,NA,0.14000000000000001,PCE,Provides power to Klukwan via intertie. Power is purchased from AP&T.,Southeast,Haines,Sealaska,SE
Inside Passage Electric,Hoonah,Hoonah,DFO,IC,4816.875,331185,46365.9,3.5694750000000002,14.544363422256442,0.24541981634877386,0.14000000000000001,PCE,0,Southeast,Hoonah-Angoon (CA),Sealaska,SE
Inside Passage Electric,Kake,Kake,DFO,IC,2769.4879999999998,213498.00000000003,29889.720000000008,3.5701417000000002,12.971962266625447,0.2752198647066173,0.14000000000000001,PCE,0,Southeast,Petersburg (CA),Sealaska,SE
Inside Passage Electric,Klukwan,Klukwan,DFO,IC,0,0,0,3.5701417000000002,NA,NA,0.14000000000000001,PCE,Receives power from Chilkat Valley via intertie. Chilkat Valley purchases power from AP&T.,Southeast,Hoonah-Angoon (CA),Sealaska,SE
Ketchikan Public Utilities,S W Bailey,Ketchikan,DFO,IC,2603,294588,41242.320000000007,NA,8.8360693578828737,NA,0.14000000000000001,EIA,0,Southeast,Ketchikan Gateway,Sealaska,SE
"King Cove, City of",King Cove,King Cove,DFO,IC,1712.346,143977,20156.780000000002,3.7504917,11.893191273606201,0.31534779973842902,0.14000000000000001,PCE,0,Aleutians,Aleutians East,Aleut,SW
Kipnuk Light Plant,Kipnuk,Kipnuk,DFO,IC,1583.2080000000001,154889,21684.460000000003,3.6444999999999999,10.221565120828464,0.35655009354424688,0.14000000000000001,PCE,0,Lower Yukon-Kuskokwim,Bethel (CA),Calista,SW
Kobuk Valley Electric Company,Kobuk,Kobuk,DFO,IC,0,0,0,0.50674286000000002,NA,NA,0.14000000000000001,PCE,"Receives power from Shungnak via intertie. For fuel use and cost, please refer to Shungnak. On July 1, 2012, AVEC took over operations in Kobuk.",Northwest Arctic,Northwest Arctic,NANA,AN
Kodiak Electric Assn Inc,Kodiak,Kodiak,DFO,IC,18214,1296582,181521.48,NA,14.047703886063511,NA,0.14000000000000001,EIA,0,Kodiak,Kodiak Island,Koniag,SC
Kodiak Electric Assn Inc,Nymans Plant,Kodiak,DFO,IC,3568,350490,49068.600000000006,NA,10.180033667151703,NA,0.14000000000000001,EIA,0,Kodiak,Kodiak Island,Koniag,SC
Kodiak Electric Assn Inc,Port Lions,Kodiak,DFO,IC,70,6510,911.40000000000009,NA,10.75268817204301,NA,0.14000000000000001,EIA,0,Kodiak,Kodiak Island,Koniag,SC
Kokhanok Village Council,Kokhanok,Kokhanok,DFO,IC,406.92200000000003,39090,5472.6,5.140225,10.409874648247634,0.49378356355763514,0.14000000000000001,PCE,0,Bristol Bay,Lake and Peninsula,Bristol Bay,SW
Kotzebue Electric Association,Kotzebue,Kotzebue,DFO,IC,20300,1417074,198390.36000000002,3.1507082999999998,14.325292821687505,0.2199402371189261,0.14000000000000001,PCE,0,Northwest Arctic,Northwest Arctic,NANA,AN
"Koyukuk, City of",Koyukuk,Koyukuk,DFO,IC,314.14699999999999,32927,4609.7800000000007,3.3166000000000002,9.5407112703860051,0.347626073780746,0.14000000000000001,PCE,0,Yukon-Koyukuk/Upper Tanana,Yukon-Koyukuk (CA),Doyon,YU
Kwethluk Incorporated,Kwethluk,Kwethluk,DFO,IC,1377.5930000000001,102428,14339.920000000002,3.4605999999999999,13.449379076033898,0.25730555889874585,0.14000000000000001,PCE,0,Lower Yukon-Kuskokwim,Bethel (CA),Calista,SW
Kwigillingok Power Company,Kwigillingok,Kwigillingok,DFO,IC,1168.2660000000001,84078,11770.920000000002,4.0582500000000001,13.895026047241847,0.29206494368577018,0.14000000000000001,PCE,0,Lower Yukon-Kuskokwim,Bethel (CA),Calista,SW
Larsen Bay Utility Company,Larsen Bay,Larsen Bay,DFO,IC,159.17355000000001,14340.001200000001,2007.6001680000002,3.7065545000000002,11.099967690379273,0.33392480080933923,0.14000000000000001,PCE,0,Kodiak,Kodiak Island,Koniag,SC
Levelock Electrical Coop,Levelock,Levelock,DFO,IC,472.11799999999999,42434,5940.76,3.7319917,11.125936748833482,0.33543168402348567,0.14000000000000001,PCE,0,Bristol Bay,Lake and Peninsula,Bristol Bay,SW
Manokotak Power Company,Manokotak,Manokotak,DFO,IC,1365.7190000000001,104840,14677.600000000002,3.4317916999999998,13.026697825257536,0.26344294970488069,0.14000000000000001,PCE,0,Bristol Bay,Dillingham (CA),Bristol Bay,SW
Mcgrath Light & Power,McGrath,McGrath,DFO,IC,2840.7040000000002,191841,26857.74,3.0957499999999998,14.807595873666212,0.20906499788432725,0.14000000000000001,PCE,0,Yukon-Koyukuk/Upper Tanana,Yukon-Koyukuk (CA),Doyon,SW
Metlakatla Power & Light,Centennial,Metlakatla,DFO,IC,65,7434,1040.76,NA,8.7436104385256925,NA,0.14000000000000001,EIA,0,Southeast,Prince of Wales-Hyder (CA),Sealaska,SE
Middle Kuskokwim Electric,Chuathbaluk,Chuathbaluk,DFO,IC,220.98479999999998,25737.908999999996,3603.3072599999996,3.8401000000000001,8.5859655498820828,0.44725313393002597,0.14000000000000001,PCE,0,Lower Yukon-Kuskokwim,Bethel (CA),Calista,SW
Middle Kuskokwim Electric,Crooked Creek,Crooked Creek,DFO,IC,302.6524,25305,3542.7000000000003,3.8401000000000001,11.960181782256472,0.32107371525882494,0.14000000000000001,PCE,0,Lower Yukon-Kuskokwim,Bethel (CA),Calista,SW
Middle Kuskokwim Electric,Red Devil,Red Devil,DFO,IC,106.4297,13336,1867.0400000000002,3.8401000000000001,7.980631373725255,0.48117746831946345,0.14000000000000001,PCE,0,Lower Yukon-Kuskokwim,Bethel (CA),Calista,SW
Middle Kuskokwim Electric,Sleetmute,Sleetmute,DFO,IC,259.13670000000002,24532,3434.4800000000005,3.8401000000000001,10.563211315832383,0.36353528157146398,0.14000000000000001,PCE,0,Lower Yukon-Kuskokwim,Bethel (CA),Calista,SW
Middle Kuskokwim Electric,Stony River,Stony River,DFO,IC,128.072,14182,1985.4800000000002,3.8401000000000001,9.0306021717670291,0.42523188675120244,0.14000000000000001,PCE,0,Lower Yukon-Kuskokwim,Bethel (CA),Calista,SW
Naknek Electric Association,Naknek,"Naknek, King Salmon, South Naknek",DFO,IC,19900,1319147,184680.58000000002,3.0757249999999998,15.085506012597534,0.20388610083291456,0.14000000000000001,PCE,Provides power to South Naknek and King Salmon via intertie. Data includes South Naknek's and King Salmon's information.,Bristol Bay,Bristol Bay,Bristol Bay,SW
Napakiak Ircinraq,Napakiak,Napakiak,DFO,IC,0,0,0,0.50760000000000005,NA,NA,0.14000000000000001,PCE,Purchases power from Bethel Utilities Corporation,Lower Yukon-Kuskokwim,Bethel (CA),Calista,SW
Napaskiak Electric Utility,Napaskiak,Napaskiak,DFO,IC,979.45,77093,10793.02,4.0851249999999997,12.704785129648606,0.32154223454489761,0.14000000000000001,PCE,0,Lower Yukon-Kuskokwim,Bethel (CA),Calista,SW
Naterkaq Light Plant,Chefornak,Chefornak,DFO,IC,1630.624,123703,17318.420000000002,3.6972917000000001,13.181766004058106,0.28048530817962941,0.14000000000000001,PCE,0,Lower Yukon-Kuskokwim,Bethel (CA),Calista,SW
Native Village of Perryville,Perryville,Perryville,DFO,IC,176.43129999999999,14464.000000000002,2024.9600000000005,4.376125,12.197960453539821,0.35875874632222293,0.14000000000000001,PCE,0,Bristol Bay,Lake and Peninsula,Bristol Bay,SW
Nelson Lagoon Electrical Coop,Nelson Lagoon,Nelson Lagoon,DFO,IC,392.2319,44500.000000000007,6230.0000000000018,3.8227000000000002,8.8141999999999996,0.43369789657597974,0.14000000000000001,PCE,0,Aleutians,Aleutians East,Aleut,SW
New Koliganek Village Council,Koliganek,Koliganek,DFO,IC,648.44000000000005,72207,10108.980000000001,4.5217333000000002,8.9802927693990888,0.50351735918990193,0.14000000000000001,PCE,0,Bristol Bay,Dillingham (CA),Bristol Bay,SW
"Nikolai, City of",Nikolai,Nikolai,DFO,IC,399.21109999999999,36527,5113.7800000000007,5.5137166999999998,10.929205792975059,0.50449381267429683,0.14000000000000001,PCE,0,Yukon-Koyukuk/Upper Tanana,Yukon-Koyukuk (CA),Doyon,SW
Nome Joint Utility Systems,Snake River,Nome,DFO,IC,33500,2109802,295372.28000000003,2.8809917,15.87826724972296,0.18144244927293732,0.14000000000000001,PCE,0,Bering Straits,Nome (CA),Bering Straits,AN
North Slope Borough Power & Light,Anaktuvuk Pass,Anaktuvuk Pass,DFO,IC,2690,213486,29888.040000000005,4.9400000000000004,12.600357868900069,0.39205235687732343,0.14000000000000001,EIA,0,North Slope,North Slope,Arctic Slope,AN
North Slope Borough Power & Light,Atqasuk,Atqasuk,DFO,IC,3241,255318,35744.520000000004,1.59,12.693973789548719,0.12525628509719222,0.14000000000000001,EIA,0,North Slope,North Slope,Arctic Slope,AN
North Slope Borough Power & Light,Kaktovik,Kaktovik,DFO,IC,2603,294588,41242.320000000007,4.43,8.8360693578828737,0.50135414521705723,0.14000000000000001,EIA,0,North Slope,North Slope,Arctic Slope,AN
North Slope Borough Power & Light,Nuiqsut,Nuiqsut,DFO,IC,1754,88284,12359.760000000002,NA,19.867699696434237,NA,0.14000000000000001,EIA,0,North Slope,North Slope,Arctic Slope,AN
North Slope Borough Power & Light,Nuiqsut,Nuiqsut,NG,IC,1475,10329,10556.237999999999,NA,142.80182011811405,NA,1.022,EIA,0,North Slope,North Slope,Arctic Slope,AN
North Slope Borough Power & Light,Point Hope,Point Hope,DFO,IC,6153,412482,57747.48,NA,14.917014560635373,NA,0.14000000000000001,EIA,0,North Slope,North Slope,Arctic Slope,AN
North Slope Borough Power & Light,Point Lay,Point Lay,DFO,IC,18214,1296582,181521.48,4.43,14.047703886063511,0.31535402767102227,0.14000000000000001,EIA,0,North Slope,North Slope,Arctic Slope,AN
North Slope Borough Power & Light,Wainwright,Wainwright,DFO,IC,3568,350490,49068.600000000006,4.43,10.180033667151703,0.43516555493273534,0.14000000000000001,EIA,0,North Slope,North Slope,Arctic Slope,AN
Nunam Iqua Electric Company,Sheldon Point,Nunam Iqua,DFO,IC,829.24900000000002,67849,9498.86,3.7703000000000002,12.221978216333328,0.30848524954507034,0.14000000000000001,PCE,0,Lower Yukon-Kuskokwim,Wade Hampton (CA),Calista,YU
Nushagak Electric Cooperative,Dillingham,"Dillingham, Aleknagik",DFO,IC,18800,1276725,178741.50000000003,2.6583833000000001,14.725175742622726,0.18053321376023937,0.14000000000000001,PCE,Provides power to Aleknagik via intertie. Data includes Aleknagik's information.,Bristol Bay,Dillingham (CA),Bristol Bay,SW
"Ouzinkie, City of",Ouzinkie,Ouzinkie,DFO,IC,328.82,26152,3661.28,4.0841666999999999,12.573416947078618,0.3248255201581412,0.14000000000000001,PCE,0,Kodiak,Kodiak Island,Koniag,SC
Pedro Bay Village Council,Pedro Bay,Pedro Bay,DFO,IC,211.78700000000001,19514,2731.96,5.2443333000000001,10.853079840114789,0.4832115286405681,0.14000000000000001,PCE,0,Bristol Bay,Lake and Peninsula,Bristol Bay,SW
Pelican Utility,Pelican,Pelican,DFO,IC,798.50199999999995,66631,9328.34,3.9841666999999998,11.98394140865363,0.33245879332512629,0.14000000000000001,PCE,0,Southeast,Hoonah-Angoon (CA),Sealaska,SE
"Petersburg, City of",Blind Slough,Petersburg,DFO,IC,2741,191856,26859.840000000004,NA,14.286756734217329,NA,0.14000000000000001,EIA,0,Southeast,Petersburg (CA),Sealaska,SE
Pilot Point Electric Utility,Pilot Point,Pilot Point,DFO,IC,443.084,44192,6186.880000000001,4.1797917,10.026339608979001,0.41688112142708833,0.14000000000000001,PCE,0,Bristol Bay,Lake and Peninsula,Bristol Bay,SW
Port Heiden Utilities,Port Heiden,Port Heiden,DFO,IC,490.07,57543.000000000007,8056.0200000000013,3.6751667000000001,8.5165875953634664,0.43153042915930384,0.14000000000000001,PCE,0,Bristol Bay,Lake and Peninsula,Bristol Bay,SW
Puvurnaq Power Company,Kongiganak,Kongiganak,DFO,IC,671.83900000000006,88397,12375.580000000002,3.9009166999999998,7.600246614704119,0.51326185816825154,0.14000000000000001,PCE,0,Lower Yukon-Kuskokwim,Bethel (CA),Calista,SW
"Ruby, City of",Ruby,Ruby,DFO,IC,732.57640000000004,53248,7454.7200000000012,3.6066666999999999,13.757820012019231,0.26215393840369411,0.14000000000000001,PCE,0,Yukon-Koyukuk/Upper Tanana,Yukon-Koyukuk (CA),Doyon,YU
"Saint George, City of",Saint George,Saint George,DFO,IC,420.73200000000003,35990,5038.6000000000004,6.0449999999999999,11.690247290914142,0.51709770114942533,0.14000000000000001,PCE,0,Aleutians,Aleutians West (CA),Aleut,SW
Saint Paul Municipal Electric,Saint Paul,Saint Paul,DFO,IC,4295.9750000000004,316222,44271.08,4.5374999999999996,13.585313482300409,0.33400038989984809,0.14000000000000001,PCE,0,Aleutians,Aleutians West (CA),Aleut,SW
"Seward, City of",Seward,Seward,DFO,IC,6153,412482,57747.48,NA,14.917014560635373,NA,0.14000000000000001,EIA,0,Railbelt,Kenai Peninsula,Chugach,SC
"Sitka, City & Borough of",Jarvis Street,Sitka,DFO,IC,1386,161028,22543.920000000002,NA,8.6071987480438192,NA,0.14000000000000001,EIA,0,Southeast,Sitka,Sealaska,SE
Takotna Community Assoc Inc,Takotna,Takotna,DFO,IC,194.57050000000001,21799,3051.86,4.2352999999999996,8.9256617276021828,0.47450823583225615,0.14000000000000001,PCE,0,Yukon-Koyukuk/Upper Tanana,Yukon-Koyukuk (CA),Doyon,SW
Tanalian Electric Cooperative,Port Alsworth,Port Alsworth,DFO,IC,648.31299999999999,54661,7652.5400000000009,5.1008832999999996,11.860613600190264,0.43006909017912637,0.14000000000000001,PCE,0,Bristol Bay,Lake and Peninsula,Cook Inlet,SW
Tanana Power Company Inc,Tanana,Tanana,DFO,IC,1146.596,88911,12447.54,3.2365667,12.895997120716222,0.25097452098533396,0.14000000000000001,PCE,0,Yukon-Koyukuk/Upper Tanana,Yukon-Koyukuk (CA),Doyon,YU
Tatitlek Village Ira Council,Tatitlek,Tatitlek,DFO,IC,472.20400000000001,42599,5963.8600000000006,4.6981250000000001,11.084861146975282,0.42383255303851725,0.14000000000000001,PCE,0,Copper River/Chugach,Valdez-Cordova (CA),Chugach,SC
TDX Adak Generating LLC,Adak,Adak,DFO,IC,1908.4159999999999,217292.2,30420.908000000003,3.9018978999999998,8.7827174652380524,0.44427000133428979,0.14000000000000001,PCE,0,Aleutians,Aleutians West (CA),Aleut,SW
TDX Corporation,Sand Point,Sand Point,DFO,IC,4313.7950000000001,299184,41885.760000000002,4.1466666999999999,14.418535082089951,0.28759278778263686,0.14000000000000001,PCE,0,Aleutians,Aleutians East,Aleut,SW
TDX Manley Generating LLC,Manley Hot Springs,Manley Hot Springs,DFO,IC,434.1617,34534.667000000001,4834.8533800000005,3.8580239000000001,12.571764482338862,0.3068800648802999,0.14000000000000001,PCE,0,Yukon-Koyukuk/Upper Tanana,Yukon-Koyukuk (CA),Doyon,YU
"Tenakee Springs, City of",Tenakee Springs,Tenakee Springs,DFO,IC,416.31299999999999,33616,4706.2400000000007,4.1741666999999998,12.384370537839125,0.33705117973063531,0.14000000000000001,PCE,0,Southeast,Hoonah-Angoon (CA),Sealaska,SE
Tuluksak Traditional,Tuluksak,Tuluksak,DFO,IC,606.72309999999993,58214,8149.9600000000009,3.24905,10.422288452949461,0.31174055627682551,0.14000000000000001,PCE,0,Lower Yukon-Kuskokwim,Bethel (CA),Calista,SW
Tuntutuliak Community,Tuntutuliak,Tuntutuliak,DFO,IC,970.95100000000002,92280.000000000015,12919.200000000003,3.4099249999999999,10.521792371044645,0.32408214111731698,0.14000000000000001,PCE,0,Lower Yukon-Kuskokwim,Bethel (CA),Calista,SW
Twin Hills Village Council,Twin Hills,Twin Hills,DFO,IC,282.24180000000001,30161,4222.54,3.9224999999999999,9.3578395941779107,0.41916726190096582,0.14000000000000001,PCE,0,Bristol Bay,Dillingham (CA),Bristol Bay,SW
Umnak Power Company,Nikolski,Nikolski,DFO,IC,211.643,24532,3434.4800000000005,3.9649999999999999,8.6272215881297889,0.45959176537849117,0.14000000000000001,PCE,0,Aleutians,Aleutians West (CA),Aleut,SW
Unalakleet Valley Electric Cooperative,Unalakleet,Unalakleet,DFO,IC,3497.944,233637.00000000003,32709.180000000008,2.9563666999999998,14.971703968121485,0.19746360910520583,0.14000000000000001,PCE,0,Bering Straits,Nome (CA),Bering Straits,AN
"Unalaska, City of",NA,Unalaska,DFO,IC,43500,2794440,391221.60000000003,3.3789332999999999,15.566625155666252,0.21706267519199998,0.14000000000000001,PCE,Includes Unalaska Power Module and Dutch Harbor plants,Aleutians,Aleutians West (CA),Aleut,SW
Ungusraq Power Company,Newtok,Newtok,DFO,IC,426.98399999999998,41159,5762.26,3.5615250000000001,10.374012974076143,0.34331217908633582,0.14000000000000001,PCE,0,Lower Yukon-Kuskokwim,Bethel (CA),Calista,SW
"White Mountain, City of",White Mountain,White Mountain,DFO,IC,369.21600000000001,29509,4131.26,3.1284667000000002,12.511979396116439,0.25003771193637331,0.14000000000000001,PCE,0,Bering Straits,Nome (CA),Bering Straits,AN
"Wrangell, City of",Wrangell,Wrangell,DFO,IC,490,39816,5574.2400000000007,NA,12.306610407876232,NA,0.14000000000000001,EIA,0,Southeast,Wrangell,Sealaska,SE
Yakutat Power Inc,Yakutat,Yakutat,DFO,IC,6511.7089999999998,450578,63080.920000000006,3.9975499999999999,14.451901779492118,0.27661065380839345,0.14000000000000001,PCE,0,Southeast,Yakutat,Sealaska,SE
